y,id
5.55,5380
9.892,5381
3.422,5382
5.722,5383
8.077,5384
5.135,5385
48.726,5386
8.685,5387
3.502,5388
6.899,5389
9.908,5390
2.73,5391
3.818,5392
3.985,5393
22.413,5394
13.542,5395
9.377,5396
5.376,5397
6.752,5398
15.205,5399
8.284,5400
8.734,5401
5.17,5402
8.799,5403
14.864,5404
8.073,5405
18.753,5406
10.035,5407
4.735,5408
3.201,5409
2.582,5410
4.701,5411
3.434,5412
5.66,5413
6.095,5414
2.432,5415
4.812,5416
18.137,5417
6.055,5418
11.207,5419
7.805,5420
6.884,5421
3.455,5422
30.504,5423
12.901,5424
15.337,5425
17.436,5426
15.088,5427
4.868,5428
7.972,5429
3.077,5430
17.107,5431
4.437,5432
15.315,5433
27.699,5434
25.317,5435
3,5436
11.16,5437
14.393,5438
3.079,5439
9.596,5440
3.96,5441
2.027,5442
16.376,5443
4.234,5444
7.876,5445
13.823,5446
3.286,5447
6.414,5448
2.368,5449
5.194,5450
3.322,5451
6.359,5452
10.585,5453
26.087,5454
12.378,5455
22.163,5456
10.178,5457
10.505,5458
7.269,5459
2.756,5460
8.226,5461
8.151,5462
5.216,5463
13.801,5464
8.365,5465
11.053,5466
10.966,5467
6.24,5468
3.366,5469
14.57,5470
2.268,5471
9.046,5472
35.964,5473
3.547,5474
11.648,5475
6.76,5476
37.589,5477
24.235,5478
4.905,5479
5.291,5480
13.355,5481
6.148,5482
2.796,5483
9.808,5484
5.77,5485
16.299,5486
3.382,5487
4.618,5488
5.529,5489
4.784,5490
9.739,5491
7.461,5492
6.58,5493
17.383,5494
6.532,5495
4.044,5496
9.46,5497
6.086,5498
10.11,5499
18.037,5500
13.816,5501
11.234,5502
2.222,5503
5.357,5504
4.365,5505
5.597,5506
2.522,5507
7.551,5508
3.228,5509
50.768,5510
7.507,5511
9.466,5512
6.174,5513
3.88,5514
13.136,5515
15.262,5516
8.608,5517
7.79,5518
7.422,5519
4.069,5520
18.681,5521
4.144,5522
4.199,5523
8.376,5524
14.591,5525
14.857,5526
2.888,5527
5.361,5528
10.745,5529
11.459,5530
43.993,5531
7.267,5532
6.499,5533
6.625,5534
10.345,5535
9.325,5536
4.113,5537
3.32,5538
6.387,5539
3.044,5540
17.314,5541
3.096,5542
5.823,5543
18.054,5544
3.637,5545
8.647,5546
57.673,5547
7.321,5548
6.04,5549
7.07,5550
20.043,5551
7.932,5552
3.827,5553
12.786,5554
6.67,5555
11.848,5556
7.18,5557
12.36,5558
8.484,5559
4.448,5560
4.593,5561
16.946,5562
4.883,5563
8.16,5564
16.737,5565
24.757,5566
21.848,5567
3.696,5568
4.68,5569
3.586,5570
11.549,5571
3.703,5572
5.138,5573
26.141,5574
8.308,5575
12.913,5576
5.703,5577
4.738,5578
4.348,5579
15.041,5580
4.459,5581
24.027,5582
43.496,5583
2.681,5584
4.518,5585
6.576,5586
18.95,5587
6.601,5588
15.805,5589
20.484,5590
3.971,5591
13.511,5592
8.227,5593
3.409,5594
5.474,5595
3.669,5596
4.283,5597
16.958,5598
6.386,5599
9.157,5600
14.837,5601
6.007,5602
8.422,5603
12.285,5604
8.968,5605
2.345,5606
19.136,5607
12.784,5608
3.532,5609
6.607,5610
6.168,5611
5.707,5612
2.999,5613
17.695,5614
5.998,5615
5.483,5616
16.126,5617
8.566,5618
6.628,5619
9.837,5620
4.384,5621
3.753,5622
5.579,5623
13.683,5624
8.44,5625
7.761,5626
7.647,5627
3.996,5628
6.402,5629
4.999,5630
7.171,5631
9.373,5632
4.605,5633
5.823,5634
5.368,5635
3.012,5636
4.956,5637
16.162,5638
13.043,5639
4.378,5640
4.124,5641
4.156,5642
7.571,5643
3.729,5644
9.446,5645
12.839,5646
11.764,5647
14.53,5648
7.088,5649
8.281,5650
36.664,5651
7.413,5652
4.247,5653
3.761,5654
2.622,5655
6.801,5656
6.157,5657
5.193,5658
1.872,5659
6.827,5660
5.025,5661
9.635,5662
5.697,5663
6.515,5664
2.788,5665
2.412,5666
14.001,5667
6.493,5668
5.78,5669
5.556,5670
4.769,5671
3.535,5672
2.699,5673
18.12,5674
14.142,5675
18.234,5676
24.851,5677
2.973,5678
32.771,5679
16.814,5680
11.717,5681
15.008,5682
3.883,5683
12.933,5684
10.348,5685
17.117,5686
2.887,5687
7.706,5688
19.163,5689
6.24,5690
6.001,5691
10.224,5692
6.965,5693
5.681,5694
7.559,5695
6.388,5696
9.634,5697
11.275,5698
5.805,5699
14.412,5700
10.775,5701
2.563,5702
5.064,5703
3.084,5704
40.544,5705
16.341,5706
2.895,5707
9.491,5708
6.071,5709
3.15,5710
20.684,5711
5.347,5712
13.971,5713
7.941,5714
3.975,5715
10.78,5716
6.57,5717
8.958,5718
7.471,5719
15.866,5720
4.767,5721
14.101,5722
2.216,5723
4.668,5724
6.031,5725
7.1,5726
35.251,5727
14.982,5728
8.72,5729
5.698,5730
11.947,5731
4.694,5732
4.865,5733
11.445,5734
11.674,5735
3.52,5736
5.099,5737
9.259,5738
16.104,5739
6.357,5740
13.706,5741
6.911,5742
11.62,5743
5.585,5744
8.558,5745
4.479,5746
7.278,5747
9.088,5748
6.713,5749
6.321,5750
14.597,5751
5,5752
3.531,5753
5.602,5754
2.924,5755
25.26,5756
3.317,5757
5.939,5758
2.434,5759
3.464,5760
2.194,5761
39.23,5762
7.458,5763
4.891,5764
6.763,5765
7.258,5766
6.217,5767
4.765,5768
5.17,5769
10.473,5770
3.569,5771
7.818,5772
8.183,5773
6.126,5774
11.916,5775
11.153,5776
3.764,5777
3.684,5778
5.407,5779
5.439,5780
4.573,5781
7.625,5782
11.719,5783
6.469,5784
15.649,5785
13.811,5786
5.956,5787
8.182,5788
3.298,5789
14.273,5790
3.779,5791
3.974,5792
13.903,5793
4.168,5794
14.466,5795
9.515,5796
6.468,5797
10.64,5798
9.873,5799
13.861,5800
4.199,5801
4.131,5802
9.262,5803
5.441,5804
5.277,5805
8.481,5806
14.087,5807
12.012,5808
16.863,5809
9.774,5810
41.529,5811
10.259,5812
11.139,5813
10.37,5814
5.777,5815
9.337,5816
6.395,5817
10.4,5818
4.739,5819
14.366,5820
6.889,5821
6.065,5822
4.771,5823
31.553,5824
6.457,5825
6.602,5826
3.279,5827
2.582,5828
10.795,5829
7.362,5830
8.286,5831
7.729,5832
33.293,5833
7.229,5834
4.732,5835
5.578,5836
6.481,5837
4.447,5838
10.468,5839
11.985,5840
6.319,5841
4.458,5842
7.469,5843
6.222,5844
9.825,5845
8.935,5846
5.178,5847
4.722,5848
11.681,5849
14.671,5850
7.402,5851
8.738,5852
9.749,5853
2.464,5854
3.526,5855
13.49,5856
9.104,5857
4.912,5858
10.64,5859
5.742,5860
10.094,5861
8.341,5862
13.296,5863
11.363,5864
4.691,5865
14.202,5866
12.094,5867
8.333,5868
10.831,5869
9.904,5870
8.046,5871
13.008,5872
15.691,5873
11.232,5874
8.691,5875
3.323,5876
3.164,5877
17.564,5878
13.204,5879
12.484,5880
13.537,5881
7.147,5882
10.157,5883
5.085,5884
17.421,5885
7.038,5886
8.502,5887
5.207,5888
18.147,5889
8.756,5890
5.306,5891
3.792,5892
4.287,5893
5.56,5894
12.7,5895
10.095,5896
8.242,5897
8.633,5898
16.684,5899
13.695,5900
6.908,5901
7.381,5902
21.86,5903
18.504,5904
2.994,5905
9.319,5906
2.285,5907
6.904,5908
16.545,5909
4.544,5910
4.488,5911
10.079,5912
3.72,5913
2.358,5914
5.048,5915
2.529,5916
9.7,5917
9.937,5918
6.916,5919
18.06,5920
4.278,5921
6.699,5922
8.02,5923
2.506,5924
4.667,5925
15.555,5926
6.085,5927
2.91,5928
12.867,5929
9.144,5930
9.282,5931
3.681,5932
2.466,5933
26.502,5934
3.757,5935
12.741,5936
10.833,5937
11.885,5938
17.25,5939
25.252,5940
5.688,5941
5.752,5942
3.766,5943
18.098,5944
13.557,5945
6.231,5946
6.9,5947
5.148,5948
7.436,5949
14.105,5950
3.111,5951
9.983,5952
14.412,5953
7.617,5954
3.133,5955
6.736,5956
5.054,5957
10.796,5958
6.271,5959
11.547,5960
12.645,5961
8.893,5962
11.83,5963
5.276,5964
15.911,5965
4.122,5966
5.52,5967
3.713,5968
16.125,5969
7.043,5970
5.099,5971
12.969,5972
3.455,5973
10.632,5974
7.168,5975
17.112,5976
7.968,5977
7.495,5978
7.061,5979
22.563,5980
6.333,5981
5.624,5982
4.721,5983
4.137,5984
12.87,5985
9.175,5986
5.903,5987
3.362,5988
4.463,5989
6.385,5990
2.921,5991
7.113,5992
9.697,5993
24.75,5994
6.293,5995
8.082,5996
3.927,5997
7.568,5998
10.66,5999
16.232,6000
3.647,6001
3.89,6002
5.297,6003
8.437,6004
7.976,6005
12.505,6006
7.796,6007
13.805,6008
16.177,6009
15.347,6010
10.012,6011
8.257,6012
4.986,6013
3.183,6014
6.398,6015
2.736,6016
8.621,6017
10.978,6018
13.035,6019
5.335,6020
20.826,6021
13.077,6022
8.518,6023
9.032,6024
3.491,6025
15.217,6026
4.921,6027
7.277,6028
5.617,6029
15.942,6030
4.928,6031
10.986,6032
8.13,6033
6.274,6034
55.669,6035
26.194,6036
6.178,6037
15.093,6038
5.431,6039
6.421,6040
4.386,6041
6.483,6042
10.14,6043
12.904,6044
10.273,6045
10.654,6046
4.279,6047
3.734,6048
3.448,6049
4.721,6050
5.271,6051
4.118,6052
2.407,6053
3.875,6054
2.401,6055
3.577,6056
20.305,6057
8.818,6058
3.136,6059
8.065,6060
4.811,6061
8.08,6062
4.601,6063
4.248,6064
10.99,6065
4.317,6066
4.462,6067
10.18,6068
16.492,6069
6.375,6070
4.618,6071
5.836,6072
12.048,6073
6.608,6074
9.301,6075
18.212,6076
2.307,6077
8.252,6078
6.696,6079
10.023,6080
3.193,6081
2.652,6082
3.685,6083
10.838,6084
13.764,6085
10.574,6086
11.844,6087
7.888,6088
3.179,6089
7.874,6090
11.742,6091
6.355,6092
9.203,6093
7.367,6094
8.26,6095
6.881,6096
14.177,6097
11.333,6098
11.709,6099
28.835,6100
6.723,6101
10.022,6102
6.049,6103
8.603,6104
13.398,6105
9.148,6106
7.37,6107
18.468,6108
12.983,6109
3.048,6110
5.908,6111
8.895,6112
6.169,6113
3.411,6114
6.492,6115
6.317,6116
7.266,6117
10.082,6118
2.631,6119
14.24,6120
2.29,6121
42.119,6122
6.424,6123
4.498,6124
24.095,6125
4.698,6126
8.536,6127
11.031,6128
9.665,6129
8.519,6130
13.212,6131
4.627,6132
7.103,6133
15.876,6134
9.453,6135
38.787,6136
2.441,6137
7.391,6138
10.42,6139
5.055,6140
4.984,6141
5.935,6142
15.567,6143
5.975,6144
4.176,6145
5.275,6146
5.727,6147
4.895,6148
7.368,6149
6.223,6150
11.82,6151
9.439,6152
14.288,6153
8.22,6154
18.836,6155
4.203,6156
3.699,6157
7.29,6158
9.337,6159
45.848,6160
52.313,6161
13.689,6162
7.527,6163
5.432,6164
23.68,6165
9.412,6166
12.253,6167
7.136,6168
7.169,6169
7.41,6170
6.987,6171
7.893,6172
21.455,6173
7.522,6174
8.481,6175
18.817,6176
6.262,6177
6.466,6178
2.804,6179
6.801,6180
4.028,6181
3.925,6182
4.573,6183
4.01,6184
1.833,6185
14.991,6186
9.495,6187
6.417,6188
5.814,6189
8.515,6190
4.894,6191
7.666,6192
11.229,6193
5.608,6194
2.318,6195
4.035,6196
2.656,6197
12.432,6198
3.567,6199
19.961,6200
13.414,6201
5.48,6202
4.704,6203
60.533,6204
4.019,6205
6.377,6206
9.208,6207
7.639,6208
4.975,6209
21.129,6210
2.977,6211
8.631,6212
8.629,6213
5.62,6214
5.719,6215
12.361,6216
9.756,6217
5.749,6218
7.077,6219
2.798,6220
6.078,6221
3.32,6222
5.299,6223
4.491,6224
22.024,6225
5.654,6226
8.261,6227
25.231,6228
2.616,6229
13.389,6230
11.1,6231
18.182,6232
7.372,6233
4.379,6234
8.81,6235
3.357,6236
14.073,6237
7.022,6238
40.103,6239
9.393,6240
5.416,6241
6.539,6242
20.419,6243
7.167,6244
7.074,6245
5.356,6246
4.101,6247
20.522,6248
18.705,6249
23.464,6250
12.298,6251
7.327,6252
10.526,6253
19.675,6254
5.351,6255
17.913,6256
6.121,6257
15.958,6258
3.436,6259
8.325,6260
11.701,6261
16.878,6262
7.032,6263
3.061,6264
4.73,6265
5.824,6266
8.061,6267
4.27,6268
7.983,6269
5.212,6270
3.928,6271
20.41,6272
3.926,6273
21.9,6274
6.179,6275
2.414,6276
4.482,6277
2.249,6278
4.239,6279
6.128,6280
22.911,6281
2.453,6282
7.903,6283
30.082,6284
4.241,6285
3.603,6286
4.778,6287
9.279,6288
5.999,6289
6.993,6290
1.44,6291
1.883,6292
8.037,6293
6.863,6294
7.812,6295
5.079,6296
2.906,6297
21.397,6298
19.23,6299
5.12,6300
8.127,6301
8.136,6302
17.276,6303
4.85,6304
4.813,6305
9.269,6306
3.91,6307
20.325,6308
6.422,6309
17.486,6310
8.449,6311
2.826,6312
3.311,6313
3.865,6314
7.639,6315
12.557,6316
6.095,6317
13.514,6318
3.893,6319
35.465,6320
2.989,6321
6.908,6322
9.644,6323
15.244,6324
24.316,6325
46.428,6326
2.787,6327
8.522,6328
7.25,6329
4.672,6330
5.133,6331
6.009,6332
4.126,6333
8.844,6334
7.082,6335
1.937,6336
11.867,6337
6.093,6338
10.753,6339
4.536,6340
2.554,6341
5.45,6342
5.664,6343
4.158,6344
3.531,6345
10.286,6346
8.027,6347
11.155,6348
8.063,6349
5.004,6350
4.712,6351
3.689,6352
7.523,6353
8.06,6354
15.138,6355
7.235,6356
3.277,6357
6.149,6358
6.69,6359
8.826,6360
4.425,6361
7.631,6362
10.672,6363
8.171,6364
5.026,6365
12.574,6366
18.462,6367
7.03,6368
3.174,6369
3.732,6370
4.833,6371
6.465,6372
7.954,6373
6.146,6374
7.687,6375
55.555,6376
3.689,6377
5.308,6378
6.642,6379
9.081,6380
6.823,6381
5.825,6382
9.738,6383
5.823,6384
4.567,6385
5.195,6386
4.543,6387
8.79,6388
6.164,6389
51.158,6390
12.752,6391
7.411,6392
5.053,6393
8.769,6394
4.256,6395
12.89,6396
18.675,6397
3.764,6398
14.866,6399
3.09,6400
5.05,6401
5.622,6402
8.956,6403
3.687,6404
10.312,6405
5.909,6406
6.404,6407
8.096,6408
22.999,6409
9.969,6410
7.191,6411
13.326,6412
5.579,6413
7.578,6414
5.817,6415
11.134,6416
18.36,6417
9.949,6418
6.015,6419
6.405,6420
7.199,6421
12.425,6422
3.877,6423
4.401,6424
12.321,6425
12.961,6426
6.862,6427
4.901,6428
9.329,6429
6.523,6430
6.903,6431
3.789,6432
10.143,6433
6.556,6434
19.418,6435
6.478,6436
8.128,6437
17.484,6438
4.362,6439
6.838,6440
10.066,6441
10.292,6442
6.888,6443
10.962,6444
10.203,6445
8.493,6446
3.311,6447
6.233,6448
5.902,6449
4.423,6450
15.441,6451
4.721,6452
4.362,6453
5.913,6454
10.21,6455
5.945,6456
3.056,6457
9.429,6458
7.512,6459
3.316,6460
4.509,6461
6.019,6462
5.258,6463
8.292,6464
6.875,6465
4.771,6466
8.169,6467
3.222,6468
27.563,6469
9.927,6470
5.002,6471
7.685,6472
6.49,6473
4.398,6474
3.829,6475
9.13,6476
3.201,6477
3.841,6478
3.12,6479
3.24,6480
4.617,6481
3.321,6482
4.108,6483
4.246,6484
6.944,6485
5.778,6486
2.105,6487
10.37,6488
14.361,6489
2.9,6490
18.455,6491
7.948,6492
5.11,6493
9.772,6494
6.271,6495
10.562,6496
3.088,6497
3.744,6498
5.199,6499
8.464,6500
2.606,6501
12.115,6502
10.819,6503
7.227,6504
11.771,6505
8.864,6506
15.208,6507
13.427,6508
6.362,6509
16.508,6510
5.873,6511
5.861,6512
10.573,6513
8.506,6514
7.902,6515
6.885,6516
6.841,6517
23.462,6518
10.624,6519
33.116,6520
7.627,6521
3.826,6522
2.23,6523
3.949,6524
4.591,6525
5.603,6526
21.351,6527
29.985,6528
6.217,6529
3.017,6530
20.733,6531
7.065,6532
3.061,6533
11.256,6534
11.021,6535
7.903,6536
6.234,6537
4.716,6538
5.409,6539
3.832,6540
7.632,6541
4.511,6542
10.863,6543
9.753,6544
10.725,6545
2.804,6546
6.803,6547
3.106,6548
4.502,6549
7.083,6550
8.52,6551
11.707,6552
3.947,6553
7.962,6554
14.517,6555
9.709,6556
8.094,6557
7.395,6558
4.119,6559
7.159,6560
5.135,6561
14.827,6562
2.371,6563
6.559,6564
8.901,6565
7.19,6566
5.603,6567
7.572,6568
4.592,6569
3.374,6570
4.982,6571
4.406,6572
3.111,6573
7.317,6574
6.383,6575
5.917,6576
9.128,6577
18.654,6578
7.615,6579
3.773,6580
8.382,6581
10.118,6582
7.641,6583
5.693,6584
5.515,6585
6.097,6586
7.694,6587
2.977,6588
40.833,6589
10.689,6590
13.846,6591
4.069,6592
14.162,6593
25.835,6594
17.387,6595
22.201,6596
8.05,6597
10.119,6598
7.19,6599
8.703,6600
3.188,6601
11.539,6602
15.81,6603
16.469,6604
4.164,6605
3.986,6606
3.178,6607
15.307,6608
5.211,6609
3.362,6610
14.646,6611
14.747,6612
4.349,6613
28.622,6614
9.025,6615
5.548,6616
3.986,6617
18.659,6618
4.382,6619
7.808,6620
6.567,6621
8.263,6622
8.211,6623
7.295,6624
11.362,6625
12.667,6626
4.623,6627
7.948,6628
3.011,6629
3.556,6630
3.403,6631
23.674,6632
10.309,6633
20.459,6634
13.924,6635
3.186,6636
5.685,6637
4.334,6638
11.659,6639
11.758,6640
6.592,6641
1.865,6642
2.718,6643
10.024,6644
10.457,6645
27.586,6646
6.512,6647
6.986,6648
5.504,6649
3.469,6650
17.972,6651
7.521,6652
11.153,6653
2.744,6654
11.949,6655
10.975,6656
7.482,6657
9.455,6658
9.707,6659
15.089,6660
11.378,6661
29.74,6662
6.793,6663
25.042,6664
3.744,6665
4.676,6666
17.194,6667
19.71,6668
6.015,6669
16.705,6670
5.777,6671
4.84,6672
6.486,6673
3.682,6674
9.009,6675
3.644,6676
6.779,6677
6.327,6678
7.871,6679
16.221,6680
20.061,6681
10.175,6682
4.475,6683
4.439,6684
5.996,6685
4.721,6686
12.458,6687
7.661,6688
6.721,6689
2.78,6690
10.648,6691
12.531,6692
7.234,6693
6.37,6694
4.505,6695
7.079,6696
8.761,6697
6.792,6698
12.426,6699
5.467,6700
5.22,6701
16.658,6702
9.333,6703
15.437,6704
3.388,6705
4.605,6706
9.18,6707
3.142,6708
16.259,6709
7.16,6710
13.959,6711
5.082,6712
3.213,6713
2.149,6714
2.463,6715
13.237,6716
2.909,6717
11,6718
3.569,6719
5.462,6720
6.518,6721
6.991,6722
4.496,6723
3.65,6724
3.376,6725
9.974,6726
17.907,6727
3.755,6728
12.757,6729
19.573,6730
6.658,6731
16.289,6732
9.733,6733
26.813,6734
11.095,6735
4.691,6736
4.844,6737
10.973,6738
10.273,6739
19.295,6740
10.392,6741
5.262,6742
6.639,6743
8.147,6744
7.847,6745
5.385,6746
10.508,6747
2.594,6748
24.372,6749
6.39,6750
8.345,6751
6.167,6752
8.398,6753
8.061,6754
5.846,6755
19.664,6756
4.26,6757
9.504,6758
4.453,6759
20.482,6760
5.355,6761
5.019,6762
31.565,6763
5.015,6764
17.474,6765
26.267,6766
6.582,6767
9.164,6768
8.434,6769
8.371,6770
9.74,6771
35.585,6772
9.484,6773
26.349,6774
9.403,6775
5.438,6776
5.197,6777
4.894,6778
14.713,6779
12.993,6780
26.148,6781
14.252,6782
3.053,6783
7.272,6784
11.323,6785
5.192,6786
3.583,6787
4.398,6788
3.574,6789
9.016,6790
12.638,6791
17.613,6792
9.184,6793
12.691,6794
8.524,6795
8.682,6796
3.459,6797
17.032,6798
5.64,6799
9.023,6800
9.954,6801
3.713,6802
9.407,6803
5.724,6804
27.374,6805
5.029,6806
17.978,6807
1.788,6808
7.054,6809
3.909,6810
17.109,6811
6.282,6812
2.682,6813
4.977,6814
7.827,6815
2.602,6816
2.244,6817
14.553,6818
13.76,6819
4.253,6820
2.908,6821
8.197,6822
10.626,6823
16.798,6824
7.688,6825
16.73,6826
3.561,6827
11.671,6828
2.491,6829
47.888,6830
4.714,6831
3.387,6832
6.215,6833
8.414,6834
8.626,6835
6.709,6836
7.629,6837
11.629,6838
23.379,6839
10.578,6840
11.312,6841
6.413,6842
6.704,6843
6.628,6844
9.461,6845
5.103,6846
6.7,6847
4.195,6848
8.093,6849
17.957,6850
6.287,6851
18.534,6852
2.936,6853
3.426,6854
30.963,6855
6.993,6856
3.633,6857
3.665,6858
4.366,6859
18.602,6860
3.025,6861
20.402,6862
5.649,6863
11.737,6864
7.076,6865
4.908,6866
22.129,6867
4.057,6868
7.975,6869
5.554,6870
7.866,6871
12.043,6872
3.473,6873
16.101,6874
10.937,6875
5.93,6876
5.018,6877
4.409,6878
4.473,6879
3.63,6880
10.544,6881
5.929,6882
14.924,6883
10.662,6884
15.677,6885
3.254,6886
10.571,6887
51.39,6888
3.955,6889
2.304,6890
4.146,6891
5.397,6892
12.341,6893
15.028,6894
3.639,6895
2.157,6896
4.189,6897
13.131,6898
3.002,6899
28.034,6900
5.723,6901
4.018,6902
6.623,6903
17.101,6904
3.632,6905
3.705,6906
5.18,6907
3.22,6908
17.869,6909
15.039,6910
13.197,6911
2.886,6912
6.144,6913
6.535,6914
6.824,6915
4.45,6916
4.074,6917
11.976,6918
16.255,6919
4.968,6920
5.712,6921
22.351,6922
28.066,6923
6.744,6924
3.451,6925
14.609,6926
8.223,6927
3.153,6928
3.442,6929
6.401,6930
34.751,6931
7.626,6932
6.818,6933
2.162,6934
6.31,6935
10.42,6936
4.622,6937
7.352,6938
6.675,6939
9.783,6940
6.743,6941
4.324,6942
7.681,6943
11.484,6944
3.568,6945
9.826,6946
5.945,6947
8.817,6948
7.988,6949
16.246,6950
32.072,6951
9.501,6952
2.693,6953
17.867,6954
5.515,6955
11.572,6956
8.538,6957
16.407,6958
5.207,6959
4.201,6960
3.254,6961
3.709,6962
5.042,6963
21.995,6964
2.79,6965
7.081,6966
3.36,6967
6.413,6968
8.067,6969
3.471,6970
20.836,6971
14.005,6972
7.792,6973
12.432,6974
7.962,6975
18.046,6976
17.724,6977
2.717,6978
8.395,6979
17.213,6980
32.539,6981
9.986,6982
5.51,6983
10.006,6984
10.677,6985
19.387,6986
14.344,6987
3.667,6988
5.469,6989
8.137,6990
4.116,6991
8.059,6992
14.472,6993
12.137,6994
2.969,6995
4.457,6996
18.105,6997
2.829,6998
9.671,6999
4.793,7000
6.021,7001
3.497,7002
9.295,7003
5.137,7004
4.598,7005
14.405,7006
7.536,7007
7.178,7008
4.072,7009
6.019,7010
5.11,7011
6.103,7012
4.325,7013
16.865,7014
4.899,7015
4.19,7016
17.056,7017
4.351,7018
4.444,7019
2.605,7020
8.448,7021
2.826,7022
8.466,7023
14.04,7024
1.827,7025
10.002,7026
14.37,7027
3.915,7028
11.079,7029
9.622,7030
4.453,7031
7.163,7032
12.277,7033
3.339,7034
9.029,7035
8.333,7036
11.05,7037
4.447,7038
2.981,7039
11.649,7040
3.905,7041
17.296,7042
12.372,7043
6.523,7044
9.902,7045
2.241,7046
3.675,7047
31.259,7048
16.6,7049
7.82,7050
10.576,7051
2.5,7052
15.07,7053
4.068,7054
9.363,7055
9.853,7056
9.051,7057
5.004,7058
24.66,7059
7.909,7060
3.481,7061
10.551,7062
22.236,7063
8.103,7064
7.679,7065
3.564,7066
11.862,7067
29.442,7068
7.993,7069
4.011,7070
5.702,7071
11.302,7072
6.271,7073
8.63,7074
4.958,7075
15.32,7076
4.37,7077
14.549,7078
10.361,7079
5.605,7080
7.175,7081
8.025,7082
7.623,7083
9.708,7084
16.841,7085
5.284,7086
4.561,7087
6.49,7088
5.65,7089
6.374,7090
9.002,7091
7.054,7092
6.383,7093
3.241,7094
14.367,7095
16.566,7096
7.736,7097
7.104,7098
4.533,7099
3.492,7100
6.451,7101
2.728,7102
3.735,7103
27.452,7104
9.367,7105
11.43,7106
7.01,7107
4.98,7108
13.154,7109
15.421,7110
2.19,7111
6.572,7112
4.424,7113
5.513,7114
4.034,7115
17.041,7116
12.258,7117
4.488,7118
6.212,7119
5.662,7120
18.857,7121
4.951,7122
7.753,7123
8.665,7124
53.11,7125
8.746,7126
7.321,7127
14.826,7128
15.157,7129
6.479,7130
4.029,7131
6.993,7132
2.707,7133
4.406,7134
5.753,7135
3.77,7136
6.398,7137
10.452,7138
22.714,7139
4.075,7140
3.915,7141
3.25,7142
4.626,7143
4.975,7144
5.75,7145
15.735,7146
21.693,7147
7.339,7148
27.168,7149
2.63,7150
6.606,7151
4.98,7152
6.386,7153
4.614,7154
11.65,7155
7.16,7156
7.706,7157
7.751,7158
5.332,7159
3.833,7160
21.528,7161
8.766,7162
11.087,7163
4.18,7164
3.936,7165
6.197,7166
7.645,7167
5.861,7168
3.027,7169
6.25,7170
8.866,7171
2.865,7172
2.738,7173
4.084,7174
19.058,7175
3.434,7176
8.144,7177
19.556,7178
9.897,7179
4.808,7180
6.733,7181
33.916,7182
2.319,7183
4.435,7184
7.528,7185
4.677,7186
4.177,7187
5.677,7188
20.775,7189
5.101,7190
3.171,7191
5.484,7192
3.579,7193
14.958,7194
24.51,7195
5.419,7196
12.408,7197
17.594,7198
21.838,7199
5.396,7200
5.505,7201
4.083,7202
18.47,7203
2.83,7204
8.408,7205
7.827,7206
7.669,7207
9.596,7208
23.468,7209
3.94,7210
4.415,7211
9.699,7212
5.848,7213
24.816,7214
9.322,7215
6.176,7216
6.954,7217
13.228,7218
3.18,7219
5.368,7220
16.553,7221
16.476,7222
2.384,7223
11.65,7224
6.657,7225
4.66,7226
7.108,7227
5.654,7228
4.986,7229
3.256,7230
2.791,7231
9.788,7232
16.494,7233
2.141,7234
19.467,7235
22.424,7236
20.012,7237
11.432,7238
12.547,7239
4.105,7240
10.922,7241
5.513,7242
8.638,7243
3.033,7244
7.689,7245
4.331,7246
5.968,7247
15.037,7248
4.592,7249
4.021,7250
14.688,7251
8.014,7252
27.892,7253
8.21,7254
5.493,7255
9.123,7256
11.814,7257
2.531,7258
13.656,7259
6.193,7260
4.233,7261
4.021,7262
6.944,7263
5.458,7264
8.17,7265
7.961,7266
10.102,7267
11.886,7268
6.258,7269
6.05,7270
5.328,7271
4.357,7272
4.2,7273
4.495,7274
4.929,7275
6.837,7276
50.053,7277
3.427,7278
5.495,7279
9.975,7280
5.736,7281
14.331,7282
6.615,7283
3.599,7284
6.847,7285
3.941,7286
8.09,7287
5.757,7288
2.451,7289
11.036,7290
10.441,7291
4.361,7292
4.008,7293
2.615,7294
6.484,7295
3.894,7296
14.297,7297
8.393,7298
19.299,7299
15.662,7300
11.569,7301
32.783,7302
8.178,7303
6.843,7304
7.876,7305
11.553,7306
7.871,7307
6.082,7308
3.724,7309
7.42,7310
3.448,7311
3.22,7312
4.899,7313
13.795,7314
13.078,7315
12.036,7316
3.798,7317
11.051,7318
2.462,7319
2.61,7320
3.745,7321
12.139,7322
9.124,7323
13.684,7324
4.887,7325
8.52,7326
16.018,7327
7.303,7328
5.837,7329
2.976,7330
7.709,7331
8.203,7332
11.998,7333
7.08,7334
4.544,7335
9.208,7336
5.818,7337
7.672,7338
10.167,7339
26.572,7340
3.252,7341
3.348,7342
6.118,7343
4.221,7344
2.705,7345
11.326,7346
4.846,7347
11.241,7348
15.518,7349
12.281,7350
4.266,7351
20.253,7352
10.196,7353
3.171,7354
10.835,7355
16.32,7356
12.715,7357
8.254,7358
3.775,7359
6.235,7360
7.593,7361
3.009,7362
4.946,7363
18.229,7364
20.572,7365
3.175,7366
7.694,7367
11.348,7368
11.92,7369
6.459,7370
28.412,7371
15.12,7372
7.622,7373
12.507,7374
7.945,7375
5.462,7376
29.01,7377
5.931,7378
10.292,7379
8.779,7380
16.891,7381
8.585,7382
10.367,7383
11.874,7384
8.127,7385
9.857,7386
20.29,7387
4.441,7388
7.041,7389
8.144,7390
2.435,7391
3.432,7392
7.581,7393
13.347,7394
3.793,7395
1.707,7396
15.337,7397
5.16,7398
8.371,7399
9.665,7400
5.422,7401
8.534,7402
19.131,7403
5.445,7404
12.082,7405
6.346,7406
8.074,7407
13.89,7408
3.201,7409
9.834,7410
3.055,7411
6.604,7412
4.008,7413
3.224,7414
7.782,7415
3.581,7416
13.58,7417
7.456,7418
10.689,7419
4.305,7420
3.924,7421
2.219,7422
7.559,7423
9.098,7424
4.643,7425
5.57,7426
4.299,7427
3.23,7428
5.16,7429
5.89,7430
3.503,7431
6.488,7432
2.855,7433
8.894,7434
9.12,7435
3.1,7436
28.24,7437
21.306,7438
7.062,7439
6.268,7440
5.896,7441
3.883,7442
4.825,7443
11.064,7444
10,7445
4.349,7446
4.716,7447
3.97,7448
15.719,7449
3.521,7450
15.403,7451
8.473,7452
3.32,7453
9.36,7454
7.137,7455
14.25,7456
8.994,7457
8.883,7458
12.245,7459
11.305,7460
8.001,7461
15.112,7462
4.166,7463
4.2,7464
4.67,7465
2.67,7466
4.534,7467
9.727,7468
10.73,7469
9.612,7470
10.05,7471
6.16,7472
5.832,7473
4.612,7474
20.056,7475
5.447,7476
6.462,7477
3.316,7478
10.951,7479
13.149,7480
10.273,7481
54.013,7482
14.857,7483
6.822,7484
6.286,7485
5.159,7486
8.453,7487
5.555,7488
9.781,7489
3.174,7490
4.988,7491
2.456,7492
6.077,7493
7.767,7494
2.894,7495
3.084,7496
13.035,7497
6.735,7498
9.624,7499
7.074,7500
14.188,7501
9.323,7502
6.839,7503
6.738,7504
7.57,7505
4.508,7506
7.956,7507
5.377,7508
6.921,7509
27.181,7510
9.323,7511
5.756,7512
4.273,7513
6.904,7514
12.436,7515
10.626,7516
5.266,7517
12.112,7518
9.636,7519
5.465,7520
4.297,7521
4.04,7522
11.92,7523
25.572,7524
15.335,7525
21.212,7526
8.761,7527
5.028,7528
4.396,7529
6.733,7530
14.349,7531
5.884,7532
3.469,7533
18.096,7534
15.335,7535
13.192,7536
4.861,7537
4.261,7538
2.679,7539
7.864,7540
3.719,7541
8.878,7542
17.432,7543
4.862,7544
8.792,7545
6.911,7546
17.115,7547
15.134,7548
8.753,7549
18.385,7550
3.632,7551
4.776,7552
10.397,7553
11.579,7554
9.216,7555
3.849,7556
8.324,7557
5.062,7558
9.74,7559
7.706,7560
4.508,7561
6.622,7562
4.489,7563
12.307,7564
16.904,7565
2.496,7566
4.205,7567
6.535,7568
5.105,7569
2.73,7570
3.461,7571
8.683,7572
24.416,7573
6.484,7574
4.999,7575
22.442,7576
5.356,7577
9.006,7578
5.13,7579
36.527,7580
10.241,7581
7.853,7582
4.966,7583
6.886,7584
8.288,7585
12.106,7586
7.947,7587
18.73,7588
6.965,7589
4.967,7590
11.045,7591
9.256,7592
3.361,7593
2.829,7594
1.875,7595
3.319,7596
2.864,7597
1.842,7598
5.13,7599
4.21,7600
10.456,7601
2.96,7602
10.198,7603
5.561,7604
6.822,7605
6.107,7606
7.8,7607
16.125,7608
22.564,7609
8.363,7610
18.392,7611
5.99,7612
21.787,7613
12.774,7614
8.227,7615
3.759,7616
8.223,7617
2.24,7618
2.626,7619
2.796,7620
6.669,7621
17.62,7622
12.089,7623
8.308,7624
7.228,7625
11.792,7626
4.849,7627
2.878,7628
12.659,7629
7.605,7630
2.984,7631
5.89,7632
16.268,7633
5.938,7634
8.15,7635
4.833,7636
7.437,7637
3.958,7638
8.056,7639
5.653,7640
5.054,7641
14.692,7642
2.547,7643
15.706,7644
8.348,7645
14.132,7646
6.554,7647
2.465,7648
10.83,7649
17.281,7650
34.153,7651
4.827,7652
8.575,7653
6.383,7654
4.554,7655
10.025,7656
4.902,7657
16.927,7658
11.283,7659
19.19,7660
7.801,7661
3.736,7662
6.37,7663
7.026,7664
10.683,7665
14.43,7666
13.09,7667
3.713,7668
8.256,7669
5.972,7670
9.311,7671
15.891,7672
3.358,7673
7.294,7674
5.02,7675
3.017,7676
7.83,7677
11.294,7678
3.993,7679
4.689,7680
5.741,7681
2,7682
4.637,7683
11.166,7684
4.094,7685
22.538,7686
8.421,7687
10.298,7688
6.207,7689
9.273,7690
5.465,7691
20.792,7692
7.152,7693
8.553,7694
10.216,7695
50.961,7696
5.369,7697
9.984,7698
6.096,7699
24.522,7700
12.595,7701
11.704,7702
4.62,7703
16.578,7704
5.372,7705
26.783,7706
4.736,7707
24.958,7708
7.165,7709
6.018,7710
12.279,7711
5.338,7712
16.369,7713
5.496,7714
3.229,7715
4.423,7716
9.147,7717
3.636,7718
8.952,7719
3.668,7720
3.863,7721
3.607,7722
15.29,7723
8.389,7724
6.093,7725
7.83,7726
8.716,7727
4.023,7728
30.066,7729
9.552,7730
6.711,7731
8.852,7732
2.715,7733
6.238,7734
8.881,7735
8.518,7736
21.144,7737
8.42,7738
2.145,7739
26.783,7740
22.686,7741
15.44,7742
4.245,7743
5.079,7744
4.414,7745
10.31,7746
10.055,7747
2.946,7748
28.956,7749
3.71,7750
14.786,7751
13.625,7752
12.575,7753
3.874,7754
3.128,7755
9.112,7756
8.714,7757
6.301,7758
6.891,7759
9.223,7760
6.777,7761
4.293,7762
7.889,7763
9.104,7764
11.092,7765
4.799,7766
3.579,7767
6.5,7768
16.064,7769
11.787,7770
10.037,7771
9.315,7772
9.802,7773
4.537,7774
14.719,7775
2.813,7776
8.197,7777
7.75,7778
6.179,7779
7.088,7780
8.415,7781
3.338,7782
32.019,7783
11.292,7784
5.04,7785
11.494,7786
14.647,7787
27.61,7788
7.452,7789
4.829,7790
8.861,7791
5.753,7792
2.902,7793
7.828,7794
4.575,7795
9.783,7796
3.739,7797
7.65,7798
28.317,7799
6.461,7800
3.379,7801
3.269,7802
2.157,7803
16.577,7804
6.642,7805
3.69,7806
3.22,7807
11.168,7808
9.016,7809
13.983,7810
4.632,7811
9.26,7812
8.64,7813
2.079,7814
5.326,7815
17.199,7816
6.188,7817
9.218,7818
8.21,7819
3.869,7820
15.226,7821
15.066,7822
20.961,7823
11.018,7824
5.242,7825
5.142,7826
5.246,7827
3.615,7828
8.414,7829
10.285,7830
4.761,7831
8.451,7832
8.156,7833
3.972,7834
5.871,7835
11.276,7836
4.572,7837
2.951,7838
1.779,7839
8.122,7840
18.535,7841
13.647,7842
6.359,7843
2.439,7844
5.763,7845
7.414,7846
5.918,7847
7.038,7848
7.967,7849
6.255,7850
14.521,7851
4.698,7852
5.086,7853
9.182,7854
3.379,7855
7.58,7856
9.063,7857
2.706,7858
11.199,7859
6.088,7860
4.997,7861
5.42,7862
2.902,7863
18.464,7864
3.5,7865
2.531,7866
9.274,7867
7.467,7868
10.288,7869
17.399,7870
6.105,7871
15.924,7872
20.831,7873
22.011,7874
3.213,7875
8.9,7876
8.097,7877
7.78,7878
2.172,7879
5.521,7880
21.697,7881
6.39,7882
9.193,7883
11.905,7884
4.732,7885
4.063,7886
7.606,7887
4.391,7888
15.245,7889
8.404,7890
8.015,7891
16.408,7892
7.801,7893
5.102,7894
16.473,7895
11.275,7896
5.522,7897
4.449,7898
6.252,7899
15.149,7900
12.424,7901
11.226,7902
10.805,7903
19.245,7904
4.248,7905
7.541,7906
7.165,7907
3.418,7908
17.453,7909
10.457,7910
7.081,7911
21.828,7912
10.307,7913
5.662,7914
19.182,7915
8.008,7916
4.459,7917
21.705,7918
2.236,7919
5.12,7920
2.792,7921
8.62,7922
8.353,7923
17.937,7924
8.748,7925
16.535,7926
11.238,7927
4.604,7928
6.182,7929
3.281,7930
6.316,7931
6.816,7932
5.932,7933
9.927,7934
3.815,7935
5.473,7936
8.438,7937
5.38,7938
17.644,7939
8.668,7940
10.48,7941
10.545,7942
5.29,7943
5.205,7944
4.656,7945
16.512,7946
5.518,7947
5.239,7948
5.575,7949
5.952,7950
20.534,7951
8.812,7952
11.857,7953
7.35,7954
10.157,7955
10.316,7956
7.126,7957
12.39,7958
31.129,7959
1.989,7960
7.545,7961
21.342,7962
4.431,7963
3.553,7964
2.916,7965
12.336,7966
2.755,7967
16.659,7968
4.63,7969
14.308,7970
4.327,7971
8.207,7972
10.001,7973
20.09,7974
5.522,7975
2.08,7976
5.649,7977
8.306,7978
12.094,7979
4.962,7980
4.727,7981
7.055,7982
3.639,7983
2.54,7984
19.248,7985
4.254,7986
5.239,7987
20.541,7988
7.238,7989
11.378,7990
6.187,7991
4.229,7992
15.421,7993
8.196,7994
3.63,7995
8.341,7996
1.837,7997
4.379,7998
7.315,7999
22.212,8000
2.458,8001
5.604,8002
3.643,8003
9.567,8004
8.65,8005
9.516,8006
7.223,8007
7.356,8008
7.743,8009
4.562,8010
5.642,8011
2.68,8012
10.144,8013
5.163,8014
6.35,8015
23.287,8016
35.312,8017
12.953,8018
12.236,8019
13.442,8020
3.062,8021
4.286,8022
8.662,8023
4.279,8024
4.745,8025
9.865,8026
7.911,8027
3.712,8028
8.481,8029
8.327,8030
8.812,8031
2.069,8032
6.096,8033
14.228,8034
12.366,8035
6.136,8036
5.404,8037
5.641,8038
15.295,8039
11.369,8040
37.979,8041
2.901,8042
2.794,8043
8.702,8044
12.91,8045
15.957,8046
6.452,8047
11.246,8048
3.836,8049
11.64,8050
11.198,8051
11.47,8052
2.946,8053
6.421,8054
4.674,8055
12.671,8056
4.961,8057
17.658,8058
5.779,8059
2.939,8060
7.545,8061
6.823,8062
5.216,8063
4.806,8064
23.802,8065
7.138,8066
17.459,8067
4.661,8068
6.235,8069
13.467,8070
6.911,8071
4.877,8072
14.255,8073
15.762,8074
8.483,8075
5.585,8076
3.083,8077
10.743,8078
9.425,8079
6.242,8080
12.328,8081
5.065,8082
8.273,8083
19.103,8084
16.429,8085
3.104,8086
7.814,8087
21.353,8088
4.346,8089
8.893,8090
4.162,8091
7.468,8092
6.944,8093
6.519,8094
19.429,8095
10.848,8096
8.11,8097
6.263,8098
13.972,8099
5.93,8100
4.559,8101
3.006,8102
6.687,8103
7.937,8104
3.303,8105
5.752,8106
5.762,8107
3,8108
3.96,8109
3.757,8110
12.4,8111
4.258,8112
16.854,8113
7.663,8114
6.461,8115
5.018,8116
2.267,8117
6.938,8118
8.429,8119
23.443,8120
10.871,8121
5.531,8122
4.161,8123
12.609,8124
7.806,8125
4.214,8126
21.39,8127
3.615,8128
7.168,8129
21.409,8130
3.972,8131
13.739,8132
6.534,8133
2.421,8134
7.69,8135
31.672,8136
20.037,8137
3.601,8138
5.26,8139
5.353,8140
3.163,8141
3.831,8142
4.552,8143
6.134,8144
10.608,8145
9.033,8146
36.171,8147
5.027,8148
8.111,8149
11.997,8150
4.237,8151
14.837,8152
4.963,8153
5.16,8154
30.161,8155
7.035,8156
11.749,8157
9.888,8158
3.778,8159
21.464,8160
5.782,8161
3.861,8162
5.994,8163
6.508,8164
3.044,8165
4.885,8166
30.542,8167
8.467,8168
6.033,8169
4.784,8170
19.067,8171
3.251,8172
6.087,8173
2.746,8174
3.535,8175
11.615,8176
9.198,8177
16.582,8178
8.142,8179
17.529,8180
4.167,8181
8.236,8182
10.278,8183
9.078,8184
4.808,8185
24.685,8186
12.137,8187
10.964,8188
5.487,8189
5.631,8190
50.157,8191
5.507,8192
11.716,8193
6.634,8194
13.22,8195
5.778,8196
8.735,8197
7.998,8198
8.009,8199
9.101,8200
6.791,8201
13.014,8202
4.2,8203
16.406,8204
6.306,8205
4.511,8206
2.577,8207
3.78,8208
7.805,8209
3.476,8210
10.001,8211
13.465,8212
21.631,8213
16.603,8214
16.38,8215
6.375,8216
6.865,8217
13.503,8218
13.888,8219
14.974,8220
8.133,8221
5.905,8222
4.19,8223
6.58,8224
2.858,8225
3.819,8226
12.373,8227
12.583,8228
11.502,8229
5.453,8230
4.251,8231
20.381,8232
12.669,8233
10.891,8234
9.109,8235
5.348,8236
5.497,8237
16.373,8238
14.406,8239
4.716,8240
4.371,8241
6.853,8242
10.616,8243
16.739,8244
5.645,8245
9.977,8246
4.662,8247
23.127,8248
6.664,8249
11.186,8250
7.411,8251
3.27,8252
5.913,8253
11.621,8254
5.718,8255
6.364,8256
7.289,8257
9.43,8258
17.38,8259
12.397,8260
16.771,8261
19.629,8262
14.485,8263
6.079,8264
14.392,8265
7.569,8266
8.825,8267
2.826,8268
6.58,8269
5.208,8270
11.736,8271
12.139,8272
22.647,8273
5.106,8274
4.506,8275
6.864,8276
10.676,8277
4.454,8278
4.891,8279
7.334,8280
2.863,8281
6.398,8282
5.821,8283
7.238,8284
17.137,8285
19.754,8286
8.882,8287
57.29,8288
5.354,8289
8.001,8290
10.121,8291
4.01,8292
4.71,8293
6.378,8294
5.172,8295
10.733,8296
6.746,8297
6.931,8298
5.598,8299
4.491,8300
4.966,8301
4.356,8302
6.836,8303
13.515,8304
3.592,8305
9.12,8306
2.185,8307
4.557,8308
10.301,8309
6.429,8310
3.098,8311
2.84,8312
7.555,8313
17.35,8314
4.696,8315
6.574,8316
7.121,8317
2.197,8318
6.229,8319
4.269,8320
11.521,8321
7.714,8322
5.108,8323
5.988,8324
10.915,8325
9.346,8326
18.265,8327
11.378,8328
5.652,8329
2.676,8330
7.354,8331
3.96,8332
4.109,8333
6.184,8334
10.3,8335
7.812,8336
3.714,8337
2.806,8338
3.542,8339
18.947,8340
15.918,8341
6.293,8342
6.047,8343
4.529,8344
9.613,8345
5.972,8346
7.987,8347
4.67,8348
3.669,8349
6.359,8350
9.665,8351
4.799,8352
7.259,8353
6.737,8354
6.169,8355
12.637,8356
3.939,8357
3.196,8358
5.544,8359
3.759,8360
9.898,8361
16.56,8362
14.279,8363
9.127,8364
31.768,8365
2.084,8366
4.742,8367
6.141,8368
8.776,8369
17.76,8370
7.441,8371
10.584,8372
3.333,8373
5.473,8374
8.786,8375
12.927,8376
19.051,8377
13.644,8378
5.012,8379
3.931,8380
10.603,8381
3.012,8382
5.94,8383
13.305,8384
3.262,8385
16.551,8386
15.604,8387
4.4,8388
4.314,8389
5.271,8390
15.255,8391
17.117,8392
5.613,8393
3.188,8394
10.779,8395
4.489,8396
10.353,8397
8.761,8398
2.876,8399
9.322,8400
2.364,8401
12.633,8402
3.008,8403
5.372,8404
7.828,8405
8.613,8406
5.807,8407
4.019,8408
10.436,8409
15.396,8410
8.817,8411
2.797,8412
4.48,8413
14.92,8414
26.902,8415
4.779,8416
29.403,8417
4.207,8418
12.281,8419
3.618,8420
6.205,8421
7.726,8422
9.994,8423
9.477,8424
6.637,8425
5.373,8426
5.944,8427
2.277,8428
8.772,8429
8.821,8430
11.665,8431
2.909,8432
4.556,8433
4.384,8434
13.353,8435
6.563,8436
29.282,8437
3.174,8438
7.725,8439
5.071,8440
4.087,8441
4.597,8442
9.787,8443
12.855,8444
3.861,8445
3.506,8446
6.363,8447
5.878,8448
12.923,8449
25.536,8450
4.388,8451
13.309,8452
5.481,8453
8.202,8454
4.61,8455
7.345,8456
13.632,8457
6.364,8458
7.916,8459
4.662,8460
3.148,8461
16.979,8462
4.489,8463
3.036,8464
2.918,8465
5.722,8466
9.181,8467
5.475,8468
3.683,8469
4.858,8470
3.197,8471
12.276,8472
11.183,8473
8.997,8474
4.374,8475
8.464,8476
9.707,8477
5.031,8478
10.618,8479
5.858,8480
7.06,8481
4.416,8482
3.371,8483
4.281,8484
9.463,8485
5.186,8486
4.026,8487
5.944,8488
5.797,8489
7.978,8490
5.756,8491
28.877,8492
11.95,8493
10.243,8494
11.909,8495
8.258,8496
12.877,8497
4.763,8498
3.657,8499
3.522,8500
10.942,8501
33.458,8502
8.544,8503
5.653,8504
7.367,8505
12.556,8506
28.723,8507
4.664,8508
16.388,8509
8.252,8510
25.105,8511
9.525,8512
8.899,8513
9.417,8514
2.973,8515
20.655,8516
6.261,8517
3.081,8518
7.351,8519
4.456,8520
6.048,8521
15.69,8522
9.701,8523
5.561,8524
3.855,8525
3.293,8526
3.622,8527
7.209,8528
3.491,8529
4.801,8530
9.351,8531
2.66,8532
11.932,8533
13.547,8534
29.893,8535
7.719,8536
1.901,8537
6.897,8538
8.337,8539
5.749,8540
7.598,8541
15.495,8542
8.865,8543
9.487,8544
6.101,8545
8.992,8546
2.886,8547
7.963,8548
9.362,8549
4.243,8550
6.242,8551
11.529,8552
5.185,8553
14.954,8554
3.096,8555
5.638,8556
13.568,8557
2.169,8558
9.348,8559
6.324,8560
7.083,8561
4.476,8562
3.709,8563
4.364,8564
4.335,8565
8.367,8566
7.933,8567
4.797,8568
7.126,8569
60.962,8570
5.356,8571
7.412,8572
8.731,8573
10.177,8574
15.141,8575
6.818,8576
3.922,8577
12.575,8578
8.777,8579
4.352,8580
3.813,8581
12.72,8582
14.694,8583
5.868,8584
16.068,8585
10.238,8586
9.485,8587
6.975,8588
5.431,8589
3.432,8590
6.648,8591
11.256,8592
8.744,8593
21.623,8594
6.235,8595
5.404,8596
9.409,8597
3.258,8598
5.379,8599
8.244,8600
5.905,8601
16.647,8602
8.163,8603
3.26,8604
10.952,8605
11.237,8606
50.874,8607
6.238,8608
6.616,8609
2.517,8610
1.989,8611
6.956,8612
5.546,8613
36.266,8614
6.348,8615
4.336,8616
3.803,8617
3.778,8618
5.963,8619
3.195,8620
9.163,8621
6.369,8622
6.293,8623
12.984,8624
3.059,8625
17.75,8626
3.028,8627
5.667,8628
5.714,8629
8.413,8630
6.643,8631
15.863,8632
14.984,8633
2.843,8634
3.598,8635
5.065,8636
2.269,8637
7.703,8638
7.912,8639
3.608,8640
6.322,8641
9.454,8642
9.043,8643
6.174,8644
19.717,8645
13.559,8646
5.758,8647
20.781,8648
10.063,8649
15.473,8650
3.67,8651
4.423,8652
2.405,8653
6.596,8654
3.429,8655
5.658,8656
11.588,8657
3.158,8658
6.359,8659
3.786,8660
3.013,8661
3.021,8662
6.537,8663
8.381,8664
6.634,8665
6.671,8666
5.05,8667
7.23,8668
7.626,8669
6.534,8670
6.755,8671
24.306,8672
26.577,8673
20.047,8674
4.065,8675
6.344,8676
11.072,8677
6.681,8678
7.194,8679
14.281,8680
3.203,8681
2.396,8682
8.284,8683
5.216,8684
13.239,8685
11.565,8686
6.143,8687
16.063,8688
3.575,8689
3.321,8690
29.222,8691
5.586,8692
6.439,8693
5.835,8694
16.636,8695
14.47,8696
4.989,8697
6.936,8698
7.106,8699
6.005,8700
2.405,8701
3.018,8702
10.924,8703
8.679,8704
6.353,8705
26.167,8706
7.864,8707
10.954,8708
12.001,8709
2.357,8710
14.355,8711
14.288,8712
8.868,8713
4.864,8714
3.468,8715
12.403,8716
3.781,8717
7.667,8718
2.712,8719
21.442,8720
10.868,8721
5.607,8722
12.874,8723
10.926,8724
8.739,8725
5.056,8726
11.521,8727
5.253,8728
17.54,8729
10.642,8730
19.515,8731
7.622,8732
2.119,8733
15.342,8734
2.75,8735
5.345,8736
20.211,8737
13.787,8738
4.092,8739
6.781,8740
3.994,8741
8.89,8742
21.754,8743
29.276,8744
5.195,8745
5.911,8746
5.549,8747
2.814,8748
23.208,8749
12.423,8750
20.214,8751
4.379,8752
5.08,8753
4.287,8754
9.146,8755
15.027,8756
9.197,8757
6.317,8758
4.786,8759
3.107,8760
6.218,8761
2.775,8762
7.791,8763
2.649,8764
10.212,8765
12.067,8766
4.246,8767
13.565,8768
37.411,8769
4.548,8770
4.792,8771
5.984,8772
20.87,8773
3.238,8774
8.473,8775
8.143,8776
17.132,8777
12.139,8778
13.008,8779
5.726,8780
11.946,8781
2.883,8782
19.553,8783
4.059,8784
6.074,8785
6.812,8786
5.248,8787
9.691,8788
23.88,8789
2.277,8790
5.275,8791
13.445,8792
10.955,8793
3.832,8794
9.16,8795
4.662,8796
6.371,8797
1.848,8798
4.76,8799
9.538,8800
5.774,8801
2.876,8802
5.112,8803
14.473,8804
5.43,8805
6.398,8806
10.476,8807
27.292,8808
8.727,8809
15.517,8810
11.221,8811
8.122,8812
4.453,8813
7.435,8814
12.96,8815
2.711,8816
4.504,8817
9.424,8818
6.303,8819
6.841,8820
3.739,8821
5.74,8822
6.443,8823
6.879,8824
5.325,8825
7.791,8826
5.812,8827
9.182,8828
5.831,8829
5.053,8830
6.262,8831
13.005,8832
7.19,8833
5.893,8834
7.351,8835
8.235,8836
5.066,8837
11.938,8838
6.788,8839
5.516,8840
7.827,8841
7.56,8842
5.068,8843
23.075,8844
9.35,8845
7.261,8846
2.277,8847
25.224,8848
5.59,8849
3.913,8850
7.779,8851
24.984,8852
5.059,8853
16.065,8854
8.449,8855
10.722,8856
13.108,8857
14.627,8858
4.68,8859
13.823,8860
4.405,8861
4.221,8862
11.875,8863
6.886,8864
8.609,8865
9.694,8866
5.5,8867
6.598,8868
3.294,8869
16.289,8870
2.13,8871
6.8,8872
3.463,8873
2.537,8874
4.184,8875
3.423,8876
7.587,8877
5.923,8878
19.5,8879
5.516,8880
4.632,8881
18.252,8882
7.493,8883
3.089,8884
13.306,8885
8.138,8886
5.542,8887
12.522,8888
3.692,8889
5.334,8890
6.741,8891
3.875,8892
8.168,8893
10.041,8894
7.095,8895
11.925,8896
5.762,8897
5.123,8898
6.564,8899
6.836,8900
11.976,8901
5.247,8902
21.487,8903
7.873,8904
4.431,8905
26.548,8906
9.527,8907
3.424,8908
10.683,8909
11.323,8910
26.712,8911
4.692,8912
8.35,8913
13.283,8914
3.445,8915
4.381,8916
3.101,8917
4.603,8918
9.457,8919
22.372,8920
2.222,8921
19.329,8922
3.673,8923
12.076,8924
7.164,8925
7.314,8926
4.868,8927
5.657,8928
10.267,8929
7.28,8930
6.283,8931
11.219,8932
2.649,8933
13.943,8934
3.908,8935
4.069,8936
5.866,8937
2.489,8938
11.201,8939
25.445,8940
11.162,8941
19.205,8942
3.803,8943
2.754,8944
4.704,8945
9.377,8946
11.933,8947
7.27,8948
9.432,8949
10.734,8950
6.325,8951
3.159,8952
4.413,8953
3.054,8954
5.725,8955
6.843,8956
6.761,8957
12.476,8958
5.808,8959
21.107,8960
42.866,8961
5.606,8962
4.814,8963
3.982,8964
7.173,8965
3.977,8966
2.436,8967
6.893,8968
4.055,8969
12.377,8970
8.901,8971
7.746,8972
5.336,8973
8.344,8974
10.846,8975
2.934,8976
7.452,8977
3.386,8978
21.651,8979
4.16,8980
5.59,8981
6.065,8982
17.773,8983
6.764,8984
6.726,8985
4.897,8986
9.329,8987
10.593,8988
5.843,8989
30.577,8990
8.79,8991
11.228,8992
5.567,8993
3.502,8994
4.144,8995
17.871,8996
11.276,8997
2.496,8998
2.311,8999
8.842,9000
4.21,9001
6.304,9002
2.414,9003
10.073,9004
2.834,9005
11.9,9006
5.29,9007
13.221,9008
16.91,9009
11.024,9010
9.231,9011
2.979,9012
4.358,9013
4.374,9014
4.784,9015
4.94,9016
9.976,9017
3.438,9018
5.864,9019
14.123,9020
3.01,9021
8.552,9022
9.746,9023
3.364,9024
8.581,9025
5.137,9026
5.298,9027
2.501,9028
9.512,9029
6.294,9030
14.268,9031
5.815,9032
11.749,9033
1.946,9034
5.36,9035
7.256,9036
6.551,9037
3.061,9038
3.25,9039
10.074,9040
34.349,9041
15.272,9042
18.823,9043
6.597,9044
13.18,9045
10.152,9046
7.173,9047
2.532,9048
3.149,9049
4.847,9050
6.025,9051
5.316,9052
3.68,9053
30.288,9054
14.761,9055
4.581,9056
4.145,9057
5.099,9058
9.188,9059
10.735,9060
15.956,9061
5.524,9062
10.445,9063
8.497,9064
13.644,9065
5.367,9066
7.695,9067
6.289,9068
3.553,9069
6.739,9070
3.749,9071
23.285,9072
1.985,9073
7.067,9074
2.891,9075
3.102,9076
3.93,9077
9.022,9078
3.037,9079
5.135,9080
4.909,9081
24.968,9082
7.079,9083
6.082,9084
8.625,9085
10.751,9086
6.175,9087
10.622,9088
10.511,9089
43.676,9090
4.57,9091
9.358,9092
8.05,9093
5.065,9094
11.554,9095
12.666,9096
7.74,9097
3.017,9098
8.313,9099
7.412,9100
8.373,9101
6.869,9102
7.423,9103
18.532,9104
4.407,9105
7.194,9106
4.01,9107
12.544,9108
16.464,9109
9.581,9110
13.353,9111
19.358,9112
5.631,9113
7.014,9114
9.78,9115
7.204,9116
4.031,9117
6.359,9118
3.519,9119
4.889,9120
12.024,9121
32.204,9122
3.324,9123
3.542,9124
3.402,9125
11.898,9126
9.837,9127
13.778,9128
6.241,9129
3.145,9130
8.247,9131
6.031,9132
9.442,9133
5.301,9134
3.198,9135
12.429,9136
3.521,9137
16.788,9138
4.811,9139
12.753,9140
4.434,9141
11.266,9142
4.974,9143
4.138,9144
9.263,9145
7.868,9146
3.325,9147
7.591,9148
6.927,9149
3.279,9150
10.739,9151
10.702,9152
2.274,9153
2.948,9154
13.033,9155
14.872,9156
3.288,9157
7.242,9158
10.434,9159
7.433,9160
9.472,9161
9.846,9162
5.43,9163
2.765,9164
5.757,9165
2.501,9166
11.334,9167
3.035,9168
5.09,9169
6.414,9170
10.323,9171
8.746,9172
3.974,9173
7.326,9174
13.637,9175
11.212,9176
4.572,9177
6.38,9178
7.162,9179
3.961,9180
3.157,9181
10.158,9182
11.163,9183
10.605,9184
7.023,9185
5.816,9186
10.768,9187
7.223,9188
6.634,9189
11.814,9190
8.045,9191
6.304,9192
5.982,9193
7.566,9194
11.837,9195
7.88,9196
11.022,9197
6.686,9198
4.876,9199
3.241,9200
8.51,9201
36.923,9202
13.055,9203
9.007,9204
3.305,9205
11.845,9206
19.806,9207
34.719,9208
3.841,9209
22.086,9210
6.439,9211
14.453,9212
3.495,9213
4.982,9214
5.388,9215
6.31,9216
15.915,9217
5.241,9218
4.949,9219
25.214,9220
19.083,9221
4.068,9222
9.064,9223
9.597,9224
8.516,9225
6.991,9226
33.94,9227
3.879,9228
6.424,9229
4.598,9230
3.027,9231
4.099,9232
6.176,9233
6.097,9234
13.095,9235
10.011,9236
8.861,9237
2.392,9238
2.53,9239
9.393,9240
4.507,9241
10.212,9242
6.108,9243
3.247,9244
9.046,9245
7.229,9246
6.574,9247
14.939,9248
3.324,9249
7.781,9250
6.225,9251
5.274,9252
13.38,9253
5.855,9254
27.463,9255
2.896,9256
11.927,9257
2.713,9258
14.812,9259
3.767,9260
6.397,9261
12.942,9262
3.79,9263
3.78,9264
25.073,9265
2.906,9266
2.352,9267
42.49,9268
14.341,9269
4.09,9270
5.007,9271
12.374,9272
6.11,9273
8.072,9274
3.891,9275
4.662,9276
3.817,9277
8.973,9278
4.191,9279
9.447,9280
3.928,9281
9.286,9282
4.955,9283
8.494,9284
16.705,9285
5.819,9286
5.001,9287
13.878,9288
28.909,9289
11.484,9290
3.058,9291
2.733,9292
6.752,9293
7.986,9294
6.644,9295
8.743,9296
3.829,9297
7.683,9298
8.369,9299
18.678,9300
19.726,9301
6.145,9302
15.329,9303
12.628,9304
4.673,9305
3.383,9306
5.259,9307
4.36,9308
2.884,9309
6.12,9310
3.151,9311
5.041,9312
12.882,9313
8.693,9314
19.564,9315
14.821,9316
7.73,9317
2.946,9318
8.785,9319
24.655,9320
6.211,9321
4.766,9322
36.25,9323
6.938,9324
5.741,9325
3.852,9326
5.726,9327
2.652,9328
10.039,9329
3.724,9330
11.155,9331
9.155,9332
5.472,9333
15.912,9334
18.31,9335
18.201,9336
9.779,9337
5.327,9338
3.303,9339
7.88,9340
3.259,9341
6.431,9342
4.466,9343
3.149,9344
7.744,9345
6.269,9346
6.441,9347
5.666,9348
6.116,9349
3.571,9350
11.608,9351
13.63,9352
8.223,9353
7.19,9354
30.189,9355
9.109,9356
16.954,9357
3.309,9358
5.017,9359
1.854,9360
8.993,9361
6.637,9362
26.896,9363
15.617,9364
3.502,9365
18.521,9366
2.599,9367
7.913,9368
5.117,9369
12.365,9370
7.761,9371
3.348,9372
2.61,9373
3.797,9374
6.945,9375
5.784,9376
9.203,9377
15.715,9378
8.586,9379
4.353,9380
4.038,9381
8.38,9382
5.65,9383
26.634,9384
4.195,9385
5.321,9386
5.572,9387
12.91,9388
10.57,9389
3.549,9390
8.695,9391
5.657,9392
4.206,9393
4.246,9394
4.506,9395
29.373,9396
23.617,9397
4.239,9398
35.262,9399
5.692,9400
5.155,9401
7.89,9402
17.245,9403
11.593,9404
4.332,9405
5.824,9406
8.799,9407
7.487,9408
7.704,9409
10.203,9410
16.475,9411
7.715,9412
5.555,9413
15.15,9414
4.292,9415
23.02,9416
6.492,9417
21.527,9418
8.86,9419
73.69,9420
21.428,9421
8.505,9422
13.41,9423
4.497,9424
2.982,9425
8.079,9426
8.472,9427
30.282,9428
6.257,9429
8.023,9430
13.453,9431
9.251,9432
10.425,9433
8.34,9434
3.595,9435
11.008,9436
6.066,9437
17.415,9438
13.776,9439
18.648,9440
4.395,9441
5.92,9442
13.884,9443
3.83,9444
7.108,9445
4.18,9446
4.475,9447
6.808,9448
20.908,9449
6.881,9450
6.162,9451
31.854,9452
3.589,9453
14.118,9454
8.796,9455
3.151,9456
9.414,9457
2.229,9458
13.853,9459
4.047,9460
5.97,9461
7.207,9462
16.161,9463
6.619,9464
10.019,9465
13.632,9466
7.27,9467
14.809,9468
4.791,9469
4.178,9470
7.696,9471
12.327,9472
4.838,9473
15.447,9474
7.744,9475
3.79,9476
14.134,9477
8.857,9478
12.508,9479
5.914,9480
8.514,9481
5.281,9482
4.738,9483
2.751,9484
8.59,9485
9.262,9486
6.711,9487
3.908,9488
10.305,9489
4.042,9490
9.652,9491
9.161,9492
8.55,9493
6.719,9494
9.226,9495
3.889,9496
4.276,9497
5.931,9498
4.147,9499
3.341,9500
6.408,9501
3.835,9502
6.236,9503
13.066,9504
5.085,9505
10.428,9506
2.472,9507
18.28,9508
29.85,9509
2.855,9510
5.336,9511
9.034,9512
4.839,9513
4.531,9514
22.084,9515
10.726,9516
5.344,9517
3.399,9518
4.975,9519
3.842,9520
13.049,9521
5.733,9522
6.218,9523
6.459,9524
3.739,9525
13.958,9526
7.248,9527
14.481,9528
9.823,9529
4.654,9530
7.149,9531
4.654,9532
6.362,9533
2.801,9534
7.577,9535
7.779,9536
12.744,9537
8.56,9538
15.651,9539
2.883,9540
12.6,9541
14.23,9542
6.127,9543
6.236,9544
6.543,9545
5.411,9546
5.206,9547
2.873,9548
4.803,9549
5.697,9550
4.485,9551
4.216,9552
15.349,9553
3.503,9554
14.648,9555
9.01,9556
4.483,9557
5.054,9558
18.919,9559
7.489,9560
5.14,9561
31.971,9562
2.554,9563
5.155,9564
3.481,9565
18.837,9566
4.918,9567
11.192,9568
4.119,9569
5.191,9570
5.956,9571
2.878,9572
11.319,9573
8.264,9574
11.214,9575
4.364,9576
6.466,9577
7.161,9578
23.734,9579
6.599,9580
2.904,9581
3.595,9582
9.81,9583
3.761,9584
10.143,9585
7.41,9586
3.235,9587
15.51,9588
7.33,9589
5.544,9590
6.356,9591
6.159,9592
7.929,9593
5.408,9594
12.842,9595
4.145,9596
3.99,9597
11.913,9598
4.838,9599
10.016,9600
7.253,9601
2.386,9602
3.902,9603
10.764,9604
21.787,9605
2.488,9606
14.409,9607
4.092,9608
8.418,9609
2.409,9610
4.109,9611
21.298,9612
18.879,9613
2.842,9614
9.67,9615
3.254,9616
4.428,9617
3.649,9618
8.81,9619
3.88,9620
16.596,9621
2.343,9622
10.651,9623
5.617,9624
6.477,9625
14.759,9626
8.275,9627
6.124,9628
6.184,9629
2.389,9630
5.28,9631
7.973,9632
4.07,9633
25.323,9634
10.406,9635
3.484,9636
2.374,9637
26.276,9638
12.898,9639
8.284,9640
8.779,9641
8.071,9642
4.021,9643
11.869,9644
13.402,9645
5.876,9646
23.875,9647
8.307,9648
2.268,9649
4.421,9650
8.924,9651
3.535,9652
9.599,9653
16.269,9654
5.901,9655
5.724,9656
31.743,9657
3.742,9658
4.735,9659
11.458,9660
5.919,9661
12.536,9662
3.853,9663
6.385,9664
2.542,9665
8.173,9666
3.896,9667
4.496,9668
7.452,9669
3.511,9670
5.747,9671
9.32,9672
6.058,9673
8.698,9674
16.288,9675
3.817,9676
8.713,9677
11.182,9678
13.379,9679
10.751,9680
7.636,9681
16.387,9682
10.725,9683
3.973,9684
3.807,9685
16.755,9686
13.506,9687
12.149,9688
5.709,9689
13.092,9690
10.681,9691
4.005,9692
3.483,9693
14.86,9694
4.332,9695
5.126,9696
3.842,9697
4.305,9698
7.384,9699
7.645,9700
3.054,9701
19.406,9702
8.554,9703
18.25,9704
5.373,9705
6.692,9706
5.964,9707
3.853,9708
4.493,9709
13.019,9710
13.092,9711
11.448,9712
7.994,9713
3.23,9714
12.189,9715
6.789,9716
15.06,9717
3.988,9718
3.61,9719
2.851,9720
3.055,9721
8.714,9722
19.86,9723
7.434,9724
6.264,9725
4.608,9726
4.62,9727
14.954,9728
7.952,9729
4.229,9730
5.125,9731
13.892,9732
8.701,9733
4.584,9734
2.699,9735
5.535,9736
7.372,9737
7.912,9738
7.864,9739
5.242,9740
8.275,9741
4.937,9742
15.793,9743
7.482,9744
7.462,9745
9.62,9746
10.925,9747
10.756,9748
14.676,9749
3.279,9750
6.761,9751
12.783,9752
7.907,9753
6.361,9754
7.505,9755
3.629,9756
21.033,9757
33.923,9758
9.391,9759
9.633,9760
7.908,9761
18.703,9762
12.183,9763
10.548,9764
6.011,9765
7.638,9766
7.625,9767
10.833,9768
15.12,9769
2.907,9770
10.068,9771
2.986,9772
3.429,9773
7.219,9774
8.389,9775
5.775,9776
4.699,9777
3.599,9778
8.182,9779
11.901,9780
13.719,9781
18.658,9782
